A,AACGATGG,CCATCGTT,169,
B,AAGCGCAA,TTGCGCTT,170,
C,AATTGCCG,CGGCAATT,171,
D,ACAGCTCA,TGAGCTGT,172,
E,ACCTTGGA,TCCAAGGT,173,
F,ACGAAGGT,ACCTTCGT,174,
G,ACGAGATG,CATCTCGT,175,
H,ACGTCAAC,GTTGACGT,176,
1,ACGTTCCT,AGGAACGT,177,
2,ACTCGAGT,ACTCGAGT,178,
3,ACTGACTG,CAGTCAGT,179,
4,AGACCACT,AGTGGTCT,180,
5,AGACTGTC,GACAGTCT,181,
6,AGAGACAC,GTGTCTCT,182,
7,AGCAGAAC,GTTCTGCT,183,
8,AGCATCGT,ACGATGCT,184,
9,AGGTGTTC,GAACACCT,185,
10,AGTCTCAG,CTGAGACT,186,
11,AGTGGACA,TGTCCACT,187,
12,ATATCGGC,GCCGATAT,188,
PR01,ATCGCCTT,AAGGCGAT,189,
PR02,ATGCGGTT,AACCGCAT,190,
PR03,ATGCTTCC,GGAAGCAT,191,
PR04,ATGGAAGC,GCTTCCAT,192,
PR05,CAACCTTC,GAAGGTTG,193,
PR06,CAACTGCA,TGCAGTTG,194,
PR07,CACACTCT,AGAGTGTG,195,
PR08,CACTTCAC,GTGAAGTG,196,
PR09,CAGAGACA,TGTCTCTG,197,
PR10,CAGTAGAG,CTCTACTG,198,
PR11,CAGTCTGA,TCAGACTG,199,
PR12,CATCGTAG,CTACGATG,200,
PR13,CATGCATG,CATGCATG,201,
PR14,CCGGTTAA,TTAACCGG,202,
PR15,CCTACGTT,AACGTAGG,203,
PR16,CCTTAAGG,CCTTAAGG,204,
PR17,CGAATACC,GGTATTCG,205,
PR18,CGATCCTT,AAGGATCG,206,
PR19,CGCCATAA,TTATGGCG,207,
PR20,CGTACCAA,TTGGTACG,208,
PC01,CTAGAGGA,TCCTCTAG,209,
PC02,CTAGGTAC,GTACCTAG,210,
PC03,CTCTGACT,AGTCAGAG,211,
PC04,CTGATGTG,CACATCAG,212,
PC05,CTTCAGCT,AGCTGAAG,213,
PC06,GAACACGA,TCGTGTTC,214,
PC07,GAAGCAAC,GTTGCTTC,215,
PC08,GAAGGTTG,CAACCTTC,216,
PC09,GACTCAGT,ACTGAGTC,217,
PC10,GAGAAGTC,GACTTCTC,218,
PC11,GATGAGCA,TGCTCATC,219,
PC12,GATGTCGT,ACGACATC,220,
PC13,GCAACCTA,TAGGTTGC,221,
PC14,GCAATTCG,CGAATTGC,222,
PC15,GCCGTAAT,ATTACGGC,223,
PC16,GCGCATAT,ATATGCGC,224,
PC17,GCTAGCAT,ATGCTAGC,225,
PC18,GCTTGGTA,TACCAAGC,226,
PC19,GGAAGGAA,TTCCTTCC,227,
PC20,GGATAAGC,GCTTATCC,228,
PC21,GGCGAATA,TATTCGCC,229,
SoG,GGTATTGC,GCAATACC,230,
pta,GGTTATCG,CGATAACC,231,
Blank,GGTTCGAT,ATCGAACC,232,